order_id,order_date,region,category,product,customer_segment,units,unit_price,discount,revenue
ORD-10333,2024-01-01,East,Furniture,Bookshelf,Consumer,3,128.56,0.1,347.11
ORD-10221,2024-01-01,South,Electronics,Headphones,Corporate,8,305.68,0.0,2445.44
ORD-10417,2024-01-02,East,Electronics,Phone,Corporate,1,293.31,0.2,234.65
ORD-10577,2024-01-02,South,Furniture,Bookshelf,Small Business,1,186.77,0.1,168.09
ORD-10469,2024-01-02,South,Electronics,Monitor,Consumer,12,375.1,0.0,4501.2
ORD-10293,2024-01-02,East,Office,Printer Paper,Small Business,6,10.27,0.1,55.46
ORD-10308,2024-01-03,East,Furniture,Desk,Consumer,7,279.77,0.2,1566.71
ORD-10570,2024-01-06,West,Office,Stapler,Consumer,1,18.39,0.0,18.39
ORD-10138,2024-01-08,East,Furniture,Bookshelf,Consumer,5,118.23,0.0,591.15
ORD-10189,2024-01-08,South,Electronics,Laptop,Corporate,10,627.97,,6279.7
ORD-10510,2024-01-09,South,Electronics,Headphones,Corporate,13,369.26,0.0,4800.38
ORD-10038,2024-01-10,East,Furniture,Bookshelf,Corporate,13,151.15,0.15,1670.21
ORD-10599,2024-01-10,South,Office,Pen Set,Consumer,11,14.1,0.0,155.1
ORD-10578,2024-01-10,West,Furniture,Chair,Consumer,12,214.17,0.0,2570.04
ORD-10034,2024-01-12,East,Electronics,Headphones,Consumer,14,775.88,0.0,10862.32
ORD-10421,2024-01-12,North,Electronics,Phone,Consumer,11,766.39,0.15,7165.75
ORD-10152,2024-01-13,West,Office,Stapler,Consumer,14,14.61,0.0,204.54
ORD-10499,2024-01-13,North,Office,Pen Set,Consumer,3,14.36,0.2,34.46
ORD-10496,2024-01-13,West,Electronics,Headphones,Consumer,3,431.33,0.05,1229.29
ORD-10247,2024-01-15,East,Electronics,Headphones,Consumer,10,604.11,0.0,6041.1
ORD-10251,2024-01-15,North,Electronics,Phone,Small Business,8,787.7,0.1,5671.44
ORD-10081,2024-01-16,East,Office,Stapler,Consumer,9,16.07,0.0,144.63
ORD-10371,2024-01-16,East,Office,Pen Set,Small Business,9,21.33,0.15,163.17
ORD-10131,2024-01-16,North,Electronics,Headphones,Small Business,1,325.62,0.0,325.62
ORD-10031,2024-01-17,West,Furniture,Desk,Small Business,4,143.56,0.05,545.53
ORD-10462,2024-01-18,South,Electronics,Headphones,Consumer,13,554.87,0.0,7213.31
ORD-10132,2024-01-18,North,Electronics,Headphones,Consumer,12,548.69,0.0,6584.28
ORD-10137,2024-01-18,South,Furniture,Chair,Consumer,4,308.96,0.05,1174.05
ORD-10237,2024-01-20,West,Office,Pen Set,Corporate,13,16.83,0.2,175.03
ORD-10077,2024-01-21,West,Furniture,Desk,Consumer,12,291.47,0.0,3497.64
ORD-10282,2024-01-22,South,Electronics,Headphones,Consumer,8,397.44,0.15,2702.59
ORD-10442,2024-01-22,East,Office,Printer Paper,Consumer,3,17.24,0.2,41.38
ORD-10318,2024-01-22,East,Electronics,Laptop,Consumer,12,749.55,0.15,7645.41
ORD-10181,2024-01-23,West,Furniture,Chair,Small Business,1,168.67,0.2,134.94
ORD-10573,2024-01-26,West,Electronics,Headphones,Consumer,2,449.14,0.0,898.28
ORD-10331,2024-01-27,West,Furniture,Bookshelf,Corporate,8,267.3,0.0,2138.4
ORD-10492,2024-01-27,North,Office,Pen Set,Consumer,12,16.46,0.2,158.02
ORD-10426,2024-01-28,East,Electronics,Laptop,Consumer,10,735.78,0.15,6254.13
ORD-10355,2024-01-29,North,Office,Printer Paper,Small Business,13,15.12,0.15,167.08
ORD-10101,2024-01-31,North,Electronics,Laptop,Corporate,7,536.38,0.0,3754.66
ORD-10582,2024-02-01,West,Office,Printer Paper,Corporate,12,20.57,0.0,246.84
ORD-10361,2024-02-02,North,Electronics,Monitor,Small Business,10,351.32,0.05,3337.54
ORD-10002,2024-02-03,East,Office,Printer Paper,Small Business,7,13.59,0.0,95.13
ORD-10597,2024-02-03,West,Electronics,Laptop,Corporate,9,497.37,0.0,4476.33
ORD-10255,2024-02-04,West,Electronics,Monitor,Consumer,3,790.76,0.0,2372.28
ORD-10405,2024-02-04,North,Electronics,Laptop,Consumer,10,623.95,0.05,5927.52
ORD-10205,2024-02-04,North,Furniture,Bookshelf,Small Business,14,219.56,0.0,3073.84
ORD-10222,2024-02-04,West,Electronics,Headphones,Corporate,12,362.86,0.2,3483.46
ORD-10523,2024-02-04,South,Electronics,Phone,Consumer,8,357.41,0.0,2859.28
ORD-10432,2024-02-05,East,Office,Notebook,Consumer,14,17.19,0.15,204.56
ORD-10558,2024-02-05,North,Electronics,Phone,Small Business,8,710.51,0.15,4831.47
ORD-10157,2024-02-06,West,Electronics,Headphones,Small Business,13,700.97,0.05,8656.98
ORD-10369,2024-02-06,East,Electronics,Headphones,Consumer,8,497.49,,3382.93
ORD-10210,2024-02-06,North,Electronics,Headphones,Consumer,12,505.61,0.15,5157.22
ORD-10587,2024-02-06,North,Furniture,Chair,Consumer,7,219.95,0.0,1539.65
ORD-10080,2024-02-06,North,Office,Pen Set,Corporate,104,9.98,0.0,1037.92
ORD-10351,2024-02-07,East,Furniture,Chair,Small Business,11,261.73,0.0,2879.03
ORD-10596,2024-02-07,North,Electronics,Monitor,Corporate,1,288.15,0.0,288.15
ORD-10105,2024-02-08,South,Office,Stapler,Consumer,5,14.85,0.05,70.54
ORD-10446,2024-02-08,East,Office,Printer Paper,Corporate,11,15.93,0.0,175.23
ORD-10224,2024-02-08,East,Electronics,Phone,Consumer,6,323.54,0.0,1941.24
ORD-10052,2024-02-09,South,Electronics,Laptop,Corporate,2,324.9,0.15,552.33
ORD-10203,2024-02-10,North,Office,Notebook,Small Business,4,16.75,0.05,63.65
ORD-10538,2024-02-11,West,Office,Notebook,Small Business,11,8.65,0.1,85.64
ORD-10589,2024-02-12,West,Office,Pen Set,Small Business,8,11.52,0.0,92.16
ORD-10065,2024-02-12,North,Furniture,Bookshelf,Small Business,9,133.86,0.15,1024.03
ORD-10522,2024-02-13,North,Furniture,Desk,Consumer,13,133.59,0.0,1736.67
ORD-10017,2024-02-13,East,Electronics,Phone,Consumer,9,317.33,0.0,2855.97
ORD-10085,2024-02-13,South,Electronics,Monitor,Consumer,8,526.05,0.0,4208.4
ORD-10509,2024-02-13,North,Office,Printer Paper,Consumer,7,15.78,0.1,99.41
ORD-10400,2024-02-14,West,Electronics,Phone,Small Business,4,370.43,0.0,1481.72
ORD-10590,2024-02-14,South,Furniture,Desk,Small Business,5,297.96,0.05,1415.31
ORD-10037,2024-02-14,North,Electronics,Laptop,Consumer,4,635.94,0.2,2035.01
ORD-10411,2024-02-16,West,Office,Stapler,Consumer,7,15.29,0.0,107.03
ORD-10068,2024-02-16,North,Electronics,Monitor,Small Business,11,506.47,,5571.17
ORD-10534,2024-02-17,North,Electronics,Monitor,Consumer,12,802.78,0.0,9633.36
ORD-10281,2024-02-17,West,Electronics,Phone,Consumer,11,417.31,0.0,4590.41
ORD-10220,2024-02-18,West,Office,Notebook,Corporate,11,12.75,0.0,140.25
ORD-10544,2024-02-18,East,Electronics,Monitor,Corporate,12,525.36,0.1,5673.89
ORD-10250,2024-02-18,East,Electronics,Headphones,Small Business,6,612.49,0.05,3491.19
ORD-10495,2024-02-20,South,Electronics,Phone,Corporate,3,693.74,0.0,2081.22
ORD-10121,2024-02-20,East,Office,Stapler,Consumer,14,13.07,0.05,173.83
ORD-10468,2024-02-20,East,Furniture,Desk,Corporate,14,293.54,0.0,4109.56
ORD-10061,2024-02-20,East,Electronics,Headphones,Consumer,11,775.41,0.15,7250.08
ORD-10365,2024-02-21,North,Electronics,Laptop,Consumer,10,424.76,0.05,4035.22
ORD-10041,2024-02-21,East,Electronics,Monitor,Corporate,8,327.18,0.15,2224.82
ORD-10362,2024-02-21,South,Furniture,Bookshelf,Consumer,11,210.67,0.15,1969.76
ORD-10228,2024-02-22,West,Electronics,Laptop,Corporate,10,712.7,0.05,6770.65
ORD-10047,2024-02-22,South,Furniture,Desk,Small Business,3,175.03,0.2,420.07
ORD-10277,2024-02-23,West,Office,Printer Paper,Consumer,3,14.09,0.15,35.93
ORD-10083,2024-02-23,East,Furniture,Bookshelf,Corporate,11,231.64,0.05,2420.64
ORD-10278,2024-02-24,South,Electronics,Laptop,Consumer,12,567.13,0.1,6125.0
ORD-10420,2024-02-24,North,Office,Printer Paper,Consumer,11,9.8,0.0,107.8
ORD-10431,2024-02-24,East,Electronics,Phone,Consumer,5,467.13,0.0,2335.65
ORD-10555,2024-02-25,East,Office,Stapler,Consumer,9,16.09,0.0,144.81
ORD-10201,2024-02-26,North,Electronics,Monitor,Small Business,6,374.0,0.2,1795.2
ORD-10182,2024-02-26,North,Furniture,Bookshelf,Consumer,7,244.57,0.0,1711.99
ORD-10076,2024-02-27,West,Electronics,Laptop,Corporate,1,289.53,0.0,289.53
ORD-10176,2024-02-27,North,Furniture,Bookshelf,Consumer,6,114.49,0.0,686.94
ORD-10336,2024-02-27,West,Electronics,Phone,Consumer,14,759.13,0.05,10096.43
ORD-10592,2024-02-28,South,Electronics,Monitor,Corporate,1,293.21,0.0,293.21
ORD-10443,2024-02-28,South,Furniture,Chair,Corporate,7,323.5,0.05,2151.28
ORD-10175,2024-02-29,North,Electronics,Laptop,Consumer,14,784.73,0.0,10986.22
ORD-10301,2024-02-29,South,Electronics,Phone,Consumer,12,288.96,0.0,3467.52
ORD-10097,2024-03-01,East,Electronics,Headphones,Corporate,3,358.43,0.1,967.76
ORD-10556,2024-03-01,South,Electronics,Headphones,Corporate,2,508.63,0.0,1017.26
ORD-10396,2024-03-01,West,Electronics,Headphones,Corporate,9,792.5,0.15,6062.62
ORD-10572,2024-03-01,East,Office,Notebook,Small Business,5,9.85,0.0,49.25
ORD-10235,2024-03-01,West,Electronics,Headphones,Consumer,5,321.11,0.0,1605.55
ORD-10016,2024-03-01,East,Electronics,Monitor,Consumer,7,646.01,0.05,4295.97
ORD-10199,2024-03-02,South,Electronics,Headphones,Small Business,4,734.71,0.05,2791.9
ORD-10063,2024-03-03,East,Electronics,Monitor,Consumer,9,602.73,0.0,5424.57
ORD-10254,2024-03-04,East,Office,Printer Paper,Consumer,14,13.61,0.0,190.54
ORD-10594,2024-03-04,West,Office,Pen Set,Consumer,5,21.02,0.1,94.59
ORD-10298,2024-03-04,West,Office,Notebook,Consumer,2,13.94,0.0,27.88
ORD-10265,2024-03-07,West,Office,Pen Set,Corporate,6,14.98,0.0,89.88
ORD-10148,2024-03-07,West,Electronics,Headphones,Small Business,3,559.55,0.1,1510.78
ORD-10539,2024-03-08,South,Furniture,Desk,Consumer,5,231.95,0.2,927.8
ORD-10452,2024-03-09,West,Office,Printer Paper,Consumer,13,15.96,0.2,165.98
ORD-10022,2024-03-09,North,Furniture,Chair,Consumer,3,116.99,0.05,333.42
ORD-10435,2024-03-10,South,Electronics,Phone,Small Business,9,409.11,0.0,3681.99
ORD-10372,2024-03-10,East,Electronics,Monitor,Consumer,2,451.59,0.2,722.54
ORD-10575,2024-03-10,North,Office,Notebook,Corporate,9,8.59,0.0,77.31
ORD-10593,2024-03-10,North,Electronics,Headphones,Consumer,7,393.16,0.05,2614.51
ORD-10295,2024-03-10,North,Electronics,Monitor,Corporate,6,470.63,0.0,2823.78
ORD-10563,2024-03-12,East,Electronics,Laptop,Consumer,4,784.73,0.0,3138.92
ORD-10479,2024-03-13,North,Electronics,Headphones,Consumer,7,714.39,0.0,5000.73
ORD-10123,2024-03-14,South,Furniture,Bookshelf,Consumer,2,122.51,0.0,245.02
ORD-10353,2024-03-14,North,Electronics,Phone,Small Business,3,769.87,,2194.13
ORD-10368,2024-03-16,South,Furniture,Desk,Small Business,12,189.61,0.05,2161.55
ORD-10133,2024-03-16,East,Electronics,Laptop,Consumer,6,647.02,0.05,3688.01
ORD-10206,2024-03-17,West,Office,Notebook,Consumer,3,13.84,0.0,41.52
ORD-10482,2024-03-17,West,Electronics,Laptop,Corporate,13,514.55,0.2,5351.32
ORD-10288,2024-03-19,West,Furniture,Chair,Consumer,9,228.31,0.0,2054.79
ORD-10359,2024-03-19,East,Electronics,Laptop,Small Business,7,666.44,0.0,4665.08
ORD-10416,2024-03-19,South,Electronics,Phone,Small Business,9,652.42,0.1,5284.6
ORD-10315,2024-03-20,East,Electronics,Headphones,Corporate,13,748.28,0.0,9727.64
ORD-10325,2024-03-20,West,Office,Stapler,Corporate,2,11.63,,19.77
ORD-10032,2024-03-22,West,Electronics,Monitor,Small Business,12,674.25,0.2,6472.8
ORD-10208,2024-03-22,South,Electronics,Phone,Corporate,3,702.75,0.05,2002.84
ORD-10349,2024-03-23,East,Furniture,Bookshelf,Consumer,5,185.69,0.15,789.18
ORD-10261,2024-03-27,South,Electronics,Monitor,Small Business,8,797.68,,6381.44
ORD-10552,2024-03-27,North,Furniture,Bookshelf,Consumer,13,245.28,0.0,3188.64
ORD-10125,2024-03-27,East,Office,Printer Paper,Consumer,8,20.12,0.0,160.96
ORD-10464,2024-03-28,West,Furniture,Bookshelf,Consumer,14,257.64,0.0,3606.96
ORD-10114,2024-03-28,East,Electronics,Laptop,Small Business,7,769.34,0.15,4577.57
ORD-10598,2024-03-28,South,Electronics,Phone,Corporate,8,582.67,0.05,4428.29
ORD-10408,2024-03-30,North,Electronics,Laptop,Consumer,5,608.55,0.0,3042.75
ORD-10545,2024-03-30,West,Office,Notebook,Small Business,2,15.75,0.05,29.92
ORD-10171,2024-03-30,East,Office,Pen Set,Consumer,3,13.68,0.0,41.04
ORD-10297,2024-03-30,North,Office,Stapler,Consumer,6,20.5,0.0,123.0
ORD-10367,2024-03-31,South,Electronics,Headphones,Consumer,10,277.44,0.05,2635.68
ORD-10302,2024-03-31,West,Furniture,Chair,Consumer,9,306.16,0.15,2342.12
ORD-10537,2024-03-31,North,Furniture,Bookshelf,Consumer,5,110.55,0.0,552.75
ORD-10337,2024-04-01,South,Office,Printer Paper,Consumer,14,11.33,0.0,158.62
ORD-10494,2024-04-02,North,Office,Pen Set,Corporate,13,14.58,0.15,161.11
ORD-10141,2024-04-03,South,Furniture,Bookshelf,Corporate,3,292.79,0.0,878.37
ORD-10407,2024-04-03,South,Furniture,Chair,Consumer,5,187.68,0.05,891.48
ORD-10456,2024-04-03,East,Furniture,Bookshelf,Consumer,13,198.67,0.0,2582.71
ORD-10384,2024-04-04,East,Electronics,Phone,Consumer,9,770.94,0.0,6938.46
ORD-10163,2024-04-04,West,Electronics,Phone,Corporate,3,522.94,0.05,1490.38
ORD-10188,2024-04-04,East,Electronics,Laptop,Consumer,7,490.4,0.05,3261.16
ORD-10397,2024-04-06,East,Furniture,Desk,Small Business,3,234.18,0.0,702.54
ORD-10018,2024-04-06,West,Office,Pen Set,Corporate,11,11.03,0.2,97.06
ORD-10562,2024-04-06,West,Office,Notebook,Small Business,13,13.9,0.0,180.7
ORD-10430,2024-04-06,South,Furniture,Bookshelf,Consumer,5,187.18,0.05,889.11
ORD-10559,2024-04-07,East,Office,Printer Paper,Corporate,5,15.97,0.15,67.87
ORD-10287,2024-04-08,North,Office,Printer Paper,Consumer,13,12.98,0.15,143.43
ORD-10515,2024-04-08,West,Office,Pen Set,Corporate,10,16.56,0.05,157.32
ORD-10390,2024-04-11,North,Office,Pen Set,Small Business,1,18.29,0.0,18.29
ORD-10012,2024-04-11,South,Furniture,Bookshelf,Consumer,14,202.33,0.0,2832.62
ORD-10291,2024-04-11,South,Electronics,Monitor,Small Business,10,397.04,0.2,3176.32
ORD-10385,2024-04-12,West,Electronics,Laptop,Consumer,4,287.72,0.0,1150.88
ORD-10258,2024-04-12,East,Office,Pen Set,Consumer,13,13.77,0.0,179.01
ORD-10140,2024-04-12,East,Electronics,Laptop,Corporate,7,728.7,0.0,5100.9
ORD-10364,2024-04-13,East,Office,Pen Set,Consumer,10,19.95,0.05,189.52
ORD-10260,2024-04-13,East,Office,Printer Paper,Consumer,13,9.47,0.0,123.11
ORD-10073,2024-04-13,East,Office,Printer Paper,Small Business,2,19.86,0.1,35.75
ORD-10245,2024-04-14,North,Electronics,Phone,Corporate,2,722.37,0.0,1444.74
ORD-10059,2024-04-15,North,Furniture,Bookshelf,Corporate,12,244.71,0.0,2936.52
ORD-10217,2024-04-15,South,Office,Printer Paper,Consumer,3,16.65,0.2,39.96
ORD-10477,2024-04-15,North,Furniture,Bookshelf,Corporate,6,182.0,0.0,1092.0
ORD-10579,2024-04-15,West,Electronics,Laptop,Small Business,11,347.38,0.1,3439.06
ORD-10044,2024-04-16,East,Electronics,Phone,Corporate,11,738.58,0.1,7311.94
ORD-10230,2024-04-16,North,Office,Printer Paper,Small Business,8,14.38,0.05,109.29
ORD-10458,2024-04-16,North,Electronics,Phone,Corporate,11,468.77,0.1,4640.82
ORD-10204,2024-04-17,North,Office,Stapler,Consumer,4,15.15,0.05,57.57
ORD-10013,2024-04-17,North,Office,Pen Set,Consumer,4,11.25,0.2,36.0
ORD-10448,2024-04-18,East,Electronics,Laptop,Small Business,14,590.47,0.1,7439.92
ORD-10057,2024-04-18,East,Electronics,Phone,Consumer,5,640.3,0.0,3201.5
ORD-10586,2024-04-18,North,Furniture,Desk,Small Business,7,254.27,0.0,1779.89
ORD-10377,2024-04-20,South,Electronics,Monitor,Small Business,8,370.7,0.1,2669.04
ORD-10104,2024-04-21,West,Furniture,Chair,Small Business,7,217.03,0.2,1215.37
ORD-10389,2024-04-22,North,Office,Printer Paper,Corporate,7,18.81,0.15,111.92
ORD-10549,2024-04-24,South,Electronics,Laptop,Consumer,11,578.19,0.0,6360.09
ORD-10007,2024-04-24,West,Furniture,Desk,Small Business,7,259.26,0.0,1814.82
ORD-10093,2024-04-24,North,Electronics,Monitor,Consumer,4,363.42,0.15,1235.63
ORD-10106,2024-04-25,West,Electronics,Monitor,Corporate,1,365.85,0.0,365.85
ORD-10196,2024-04-25,South,Furniture,Bookshelf,Consumer,14,305.14,0.2,3417.57
ORD-10067,2024-04-25,West,Office,Pen Set,Consumer,11,12.44,0.05,130.0
ORD-10087,2024-04-26,North,Electronics,Headphones,Consumer,6,587.69,0.1,3173.53
ORD-10231,2024-04-27,West,Electronics,Monitor,Corporate,6,339.15,0.1,1831.41
ORD-10533,2024-04-27,East,Furniture,Desk,Corporate,13,209.91,0.15,2319.51
ORD-10386,2024-04-29,South,Electronics,Monitor,Consumer,5,453.06,0.0,2265.3
ORD-10005,2024-04-29,East,Electronics,Laptop,Corporate,10,792.46,0.0,7924.6
ORD-10437,2024-04-30,North,Office,Printer Paper,Corporate,4,11.48,0.2,36.74
ORD-10006,2024-04-30,South,Electronics,Laptop,Consumer,10,340.16,0.05,3231.52
ORD-10422,2024-05-01,South,Electronics,Laptop,Consumer,6,411.87,0.2,1976.98
ORD-10546,2024-05-01,North,Office,Notebook,Corporate,8,15.7,0.0,125.6
ORD-10056,2024-05-03,North,Electronics,Laptop,Consumer,9,495.12,0.0,4456.08
ORD-10398,2024-05-03,North,Office,Printer Paper,Corporate,4,17.58,0.0,70.32
ORD-10160,2024-05-03,East,Electronics,Laptop,Small Business,1,522.53,0.0,522.53
ORD-10161,2024-05-04,West,Electronics,Phone,Consumer,2,639.66,0.0,1279.32
ORD-10338,2024-05-04,East,Electronics,Headphones,Small Business,2,804.75,0.05,1529.02
ORD-10326,2024-05-04,West,Furniture,Chair,Consumer,4,230.87,0.0,923.48
ORD-10316,2024-05-04,West,Furniture,Chair,Consumer,6,157.84,,947.04
ORD-10280,2024-05-05,North,Office,Pen Set,Consumer,4,9.74,0.05,37.01
ORD-10162,2024-05-05,North,Office,Stapler,Consumer,9,18.05,0.2,129.96
ORD-10313,2024-05-07,South,Office,Notebook,Consumer,8,8.0,0.05,60.8
ORD-10234,2024-05-08,South,Electronics,Phone,Corporate,5,519.38,0.1,2337.21
ORD-10088,2024-05-08,South,Electronics,Phone,Consumer,2,391.82,0.1,705.28
ORD-10003,2024-05-09,West,Electronics,Headphones,Corporate,12,679.37,0.1,7337.2
ORD-10314,2024-05-11,North,Office,Printer Paper,Consumer,13,20.81,0.0,270.53
ORD-10174,2024-05-12,South,Furniture,Desk,Corporate,12,223.9,0.05,2552.46
ORD-10256,2024-05-12,East,Office,Notebook,Small Business,9,21.25,0.15,162.56
ORD-10194,2024-05-12,North,Furniture,Chair,Consumer,14,297.02,0.1,3742.45
ORD-10225,2024-05-12,North,Electronics,Phone,Small Business,2,443.01,0.0,886.02
ORD-10262,2024-05-13,North,Electronics,Phone,Consumer,3,375.37,0.05,1069.8
ORD-10449,2024-05-14,West,Electronics,Phone,Corporate,13,550.67,0.0,7158.71
ORD-10001,2024-05-15,East,Office,Printer Paper,Consumer,12,13.69,0.05,156.07
ORD-10274,2024-05-16,North,Furniture,Chair,Corporate,6,136.33,0.0,817.98
ORD-10033,2024-05-16,South,Furniture,Bookshelf,Corporate,5,250.92,0.0,1254.6
ORD-10082,2024-05-17,East,Office,Pen Set,Consumer,11,8.52,0.0,93.72
ORD-10069,2024-05-17,West,Furniture,Bookshelf,Corporate,14,211.54,0.0,2961.56
ORD-10394,2024-05-17,South,Electronics,Monitor,Corporate,7,495.58,0.0,3469.06
ORD-10423,2024-05-17,North,Electronics,Laptop,Consumer,9,583.44,0.0,5250.96
ORD-10450,2024-05-19,North,Electronics,Monitor,Consumer,13,471.63,0.2,4904.95
ORD-10320,2024-05-19,North,Electronics,Monitor,Consumer,3,318.6,0.0,955.8
ORD-10170,2024-05-20,West,Electronics,Headphones,Consumer,11,753.91,0.0,8293.01
ORD-10451,2024-05-20,West,Electronics,Headphones,Consumer,2,710.49,0.15,1207.83
ORD-10233,2024-05-23,West,Electronics,Phone,Small Business,9,773.7,0.15,5918.81
ORD-10528,2024-05-23,East,Electronics,Headphones,Small Business,6,301.1,0.2,1445.28
ORD-10153,2024-05-24,South,Furniture,Bookshelf,Consumer,136,300.17,0.1,36740.81
ORD-10119,2024-05-25,West,Electronics,Monitor,Consumer,12,588.77,0.05,6711.98
ORD-10039,2024-05-25,West,Office,Stapler,Consumer,2,20.56,0.0,41.12
ORD-10485,2024-05-25,South,Furniture,Desk,Corporate,7,204.61,0.0,1432.27
ORD-10483,2024-05-25,East,Furniture,Chair,Consumer,2,289.59,0.1,521.26
ORD-10428,2024-05-26,West,Electronics,Phone,Consumer,13,540.36,0.2,5619.74
ORD-10540,2024-05-26,East,Furniture,Desk,Consumer,14,309.01,0.05,4109.83
ORD-10086,2024-05-26,South,Electronics,Monitor,Consumer,11,501.07,0.1,4960.59
ORD-10193,2024-05-26,South,Electronics,Headphones,Consumer,9,797.11,0.05,6815.29
ORD-10500,2024-05-28,East,Electronics,Laptop,Small Business,8,313.62,0.2,2007.17
ORD-10264,2024-05-29,West,Office,Stapler,Consumer,7,8.5,0.0,59.5
ORD-10134,2024-05-31,South,Electronics,Phone,Consumer,5,270.9,0.0,1354.5
ORD-10376,2024-05-31,East,Electronics,Monitor,Small Business,2,512.06,0.0,1024.12
ORD-10118,2024-05-31,South,Electronics,Monitor,Small Business,4,632.67,0.0,2530.68
ORD-10143,2024-05-31,East,Electronics,Monitor,Corporate,12,386.83,0.05,4409.86
ORD-10382,2024-06-01,West,Electronics,Phone,Small Business,3,597.53,0.1,1613.33
ORD-10051,2024-06-01,West,Electronics,Laptop,Consumer,4,578.47,0.2,1851.1
ORD-10014,2024-06-01,East,Furniture,Desk,Corporate,6,251.49,0.0,1508.94
ORD-10219,2024-06-02,West,Electronics,Laptop,Consumer,9,410.5,0.0,3694.5
ORD-10024,2024-06-02,South,Furniture,Chair,Corporate,3,112.93,0.2,271.03
ORD-10135,2024-06-06,North,Electronics,Monitor,Consumer,8,449.87,0.0,3598.96
ORD-10380,2024-06-06,West,Electronics,Laptop,Corporate,1,385.47,0.2,308.38
ORD-10099,2024-06-07,West,Electronics,Laptop,Consumer,6,677.88,0.0,4067.28
ORD-10042,2024-06-07,West,Electronics,Laptop,Corporate,11,773.83,,7235.31
ORD-10036,2024-06-07,South,Electronics,Phone,Corporate,7,794.79,0.05,5285.35
ORD-10246,2024-06-07,West,Electronics,Headphones,Consumer,8,551.05,0.05,4187.98
ORD-10548,2024-06-08,East,Electronics,Monitor,Small Business,9,319.44,0.0,2874.96
ORD-10328,2024-06-08,East,Furniture,Chair,Consumer,1,204.52,0.0,204.52
ORD-10010,2024-06-09,South,Office,Stapler,Corporate,4,9.21,0.0,36.84
ORD-10084,2024-06-11,South,Office,Stapler,Corporate,4,17.28,0.1,62.21
ORD-10363,2024-06-12,North,Electronics,Phone,Corporate,12,725.08,0.0,8700.96
ORD-10078,2024-06-12,West,Office,Printer Paper,Corporate,12,17.25,0.15,175.95
ORD-10259,2024-06-12,North,Electronics,Phone,Consumer,2,691.13,0.15,1174.92
ORD-10279,2024-06-13,North,Furniture,Desk,Corporate,11,284.06,0.0,3124.66
ORD-10120,2024-06-13,West,Electronics,Headphones,Consumer,10,315.8,0.0,3158.0
ORD-10403,2024-06-14,East,Office,Notebook,Consumer,14,12.31,0.1,155.11
ORD-10346,2024-06-14,East,Electronics,Headphones,Consumer,6,509.14,0.0,3054.84
ORD-10312,2024-06-15,East,Electronics,Laptop,Corporate,14,717.98,0.0,10051.72
ORD-10045,2024-06-15,West,Electronics,Phone,Corporate,6,738.44,0.0,4430.64
ORD-10567,2024-06-15,East,Electronics,Phone,Consumer,3,448.88,0.15,1144.64
ORD-10071,2024-06-15,South,Electronics,Headphones,Corporate,9,276.64,0.0,2489.76
ORD-10529,2024-06-15,West,Office,Stapler,Corporate,3,16.9,0.0,50.7
ORD-10466,2024-06-16,East,Furniture,Bookshelf,Consumer,11,116.91,0.0,1286.01
ORD-10519,2024-06-16,South,Office,Printer Paper,Consumer,10,17.97,0.0,179.7
ORD-10553,2024-06-17,South,Office,Printer Paper,Corporate,7,21.25,,148.75
ORD-10392,2024-06-18,South,Electronics,Monitor,Consumer,10,292.93,0.05,2782.84
ORD-10198,2024-06-18,North,Furniture,Bookshelf,Corporate,5,170.49,0.0,852.45
ORD-10015,2024-06-18,South,Electronics,Monitor,Consumer,1,660.07,0.1,594.06
ORD-10020,2024-06-18,North,Furniture,Bookshelf,Consumer,8,233.11,0.0,1864.88
ORD-10218,2024-06-18,East,Office,Notebook,Corporate,6,19.13,0.1,103.3
ORD-10213,2024-06-19,South,Electronics,Headphones,Corporate,11,675.14,0.15,6312.56
ORD-10379,2024-06-19,East,Electronics,Headphones,Consumer,5,657.05,0.05,3120.99
ORD-10513,2024-06-19,West,Electronics,Headphones,Small Business,14,669.1,0.0,9367.4
ORD-10536,2024-06-20,West,Office,Stapler,Consumer,3,18.38,0.0,55.14
ORD-10436,2024-06-20,East,Electronics,Phone,Corporate,10,697.83,0.15,5931.56
ORD-10550,2024-06-20,South,Electronics,Phone,Small Business,9,595.31,0.0,5357.79
ORD-10491,2024-06-20,North,Furniture,Bookshelf,Small Business,6,261.26,0.0,1567.56
ORD-10357,2024-06-21,East,Office,Notebook,Corporate,2,19.43,0.05,36.92
ORD-10309,2024-06-22,North,Office,Stapler,Consumer,14,16.39,0.1,206.51
ORD-10360,2024-06-23,South,Office,Stapler,Small Business,9,10.68,0.1,86.51
ORD-10317,2024-06-23,North,Office,Printer Paper,Corporate,9,14.86,0.0,133.74
ORD-10197,2024-06-24,North,Office,Printer Paper,Corporate,11,18.18,0.0,199.98
ORD-10444,2024-06-25,East,Electronics,Headphones,Consumer,1,578.65,0.0,578.65
ORD-10488,2024-06-26,East,Electronics,Monitor,Consumer,3,632.56,0.0,1897.68
ORD-10195,2024-06-28,West,Office,Pen Set,Consumer,12,15.04,0.1,162.43
ORD-10248,2024-06-29,East,Furniture,Bookshelf,Consumer,9,138.16,0.0,1243.44
ORD-10524,2024-06-29,South,Furniture,Desk,Corporate,6,155.91,0.0,935.46
ORD-10122,2024-06-30,West,Furniture,Desk,Corporate,1,236.57,0.0,236.57
ORD-10267,2024-07-01,East,Electronics,Headphones,Consumer,83,327.95,0.1,24497.86
ORD-10004,2024-07-01,West,Office,Pen Set,Corporate,6,10.0,0.05,57.0
ORD-10542,2024-07-01,North,Electronics,Headphones,Corporate,11,305.83,0.0,3364.13
ORD-10463,2024-07-01,East,Electronics,Monitor,Consumer,5,563.39,0.0,2816.95
ORD-10356,2024-07-02,East,Office,Notebook,Corporate,9,13.21,0.1,107.0
ORD-10493,2024-07-03,West,Electronics,Laptop,Small Business,2,392.25,0.0,784.5
ORD-10306,2024-07-03,North,Electronics,Phone,Consumer,10,541.55,0.05,5144.72
ORD-10341,2024-07-04,North,Electronics,Monitor,Corporate,5,572.82,0.0,2864.1
ORD-10502,2024-07-04,North,Office,Stapler,Consumer,9,8.24,0.2,59.33
ORD-10378,2024-07-04,South,Electronics,Phone,Consumer,7,637.22,0.0,4460.54
ORD-10461,2024-07-04,North,Office,Stapler,Consumer,6,14.54,0.0,87.24
ORD-10300,2024-07-06,South,Electronics,Headphones,Consumer,1,342.92,0.2,274.34
ORD-10268,2024-07-06,East,Furniture,Desk,Consumer,2,322.88,0.05,613.47
ORD-10072,2024-07-07,South,Office,Pen Set,Consumer,1,13.57,0.0,13.57
ORD-10310,2024-07-08,North,Office,Notebook,Consumer,2,19.81,0.0,39.62
ORD-10168,2024-07-10,South,Electronics,Laptop,Consumer,6,730.04,0.1,3942.22
ORD-10000,2024-07-11,South,Office,Stapler,Small Business,3,17.24,0.0,51.72
ORD-10474,2024-07-12,East,Electronics,Monitor,Consumer,13,748.79,0.15,8274.13
ORD-10342,2024-07-12,South,Furniture,Chair,Corporate,6,180.05,0.0,1080.3
ORD-10236,2024-07-13,South,Office,Printer Paper,Consumer,11,15.3,0.15,143.06
ORD-10177,2024-07-13,West,Electronics,Monitor,Consumer,9,486.24,0.05,4157.35
ORD-10180,2024-07-13,West,Furniture,Desk,Corporate,3,153.78,0.2,369.07
ORD-10595,2024-07-14,East,Office,Stapler,Small Business,10,14.16,0.0,141.6
ORD-10383,2024-07-14,South,Office,Stapler,Consumer,5,14.68,0.15,62.39
ORD-10253,2024-07-14,South,Electronics,Monitor,Small Business,1,354.11,0.15,300.99
ORD-10209,2024-07-14,East,Electronics,Monitor,Consumer,13,352.9,0.0,4587.7
ORD-10518,2024-07-15,South,Electronics,Headphones,Consumer,6,710.12,0.0,4260.72
ORD-10050,2024-07-15,South,Electronics,Monitor,Corporate,12,742.5,0.15,7573.5
ORD-10560,2024-07-16,North,Electronics,Laptop,Corporate,12,691.7,0.15,7055.34
ORD-10048,2024-07-16,North,Office,Stapler,Consumer,7,9.41,0.0,65.87
ORD-10167,2024-07-17,South,Furniture,Desk,Small Business,2,241.22,0.0,482.44
ORD-10350,2024-07-18,South,Electronics,Laptop,Corporate,5,279.96,0.05,1329.81
ORD-10212,2024-07-18,East,Office,Stapler,Small Business,6,8.54,0.0,51.24
ORD-10457,2024-07-19,South,Electronics,Laptop,Consumer,12,392.42,0.2,3767.23
ORD-10514,2024-07-19,West,Electronics,Monitor,Corporate,13,389.86,0.05,4814.77
ORD-10427,2024-07-19,West,Electronics,Laptop,Small Business,1,396.74,0.05,376.9
ORD-10347,2024-07-20,North,Office,Printer Paper,Consumer,1,20.22,0.0,20.22
ORD-10453,2024-07-21,West,Electronics,Phone,Small Business,13,551.96,0.2,5740.38
ORD-10285,2024-07-21,South,Furniture,Desk,Consumer,7,230.72,0.15,1372.78
ORD-10027,2024-07-21,South,Electronics,Phone,Small Business,12,345.73,0.0,4148.76
ORD-10011,2024-07-21,West,Furniture,Bookshelf,Corporate,8,245.1,0.05,1862.76
ORD-10504,2024-07-22,North,Office,Notebook,Corporate,10,12.31,0.1,110.79
ORD-10413,2024-07-22,East,Office,Stapler,Small Business,12,7.72,0.0,92.64
ORD-10029,2024-07-22,East,Electronics,Monitor,Consumer,13,290.2,0.0,3772.6
ORD-10511,2024-07-23,North,Office,Notebook,Consumer,10,7.61,0.05,72.3
ORD-10576,2024-07-23,East,Electronics,Monitor,Small Business,3,632.87,0.1,1708.75
ORD-10151,2024-07-26,East,Furniture,Chair,Corporate,6,264.77,0.15,1350.33
ORD-10352,2024-07-29,East,Furniture,Chair,Consumer,13,117.19,0.0,1523.47
ORD-10506,2024-07-30,North,Electronics,Phone,Corporate,10,640.9,0.05,6088.55
ORD-10229,2024-07-30,North,Electronics,Monitor,Consumer,6,782.27,0.0,4693.62
ORD-10532,2024-07-30,East,Furniture,Chair,Consumer,8,258.61,0.1,1861.99
ORD-10159,2024-07-31,East,Office,Stapler,Consumer,6,15.97,0.05,91.03
ORD-10340,2024-07-31,South,Electronics,Monitor,Small Business,13,801.93,0.2,8340.07
ORD-10321,2024-07-31,North,Office,Notebook,Consumer,2,19.11,0.15,32.49
ORD-10192,2024-08-01,North,Office,Stapler,Corporate,11,17.3,0.2,152.24
ORD-10487,2024-08-01,East,Electronics,Headphones,Small Business,12,352.89,0.0,4234.68
ORD-10021,2024-08-01,South,Office,Printer Paper,Consumer,11,16.23,0.0,178.53
ORD-10476,2024-08-01,West,Office,Printer Paper,Small Business,5,21.02,0.0,105.1
ORD-10147,2024-08-01,South,Office,Stapler,Consumer,1,21.5,0.1,19.35
ORD-10223,2024-08-02,West,Furniture,Chair,Consumer,14,154.48,0.05,2054.58
ORD-10531,2024-08-03,West,Electronics,Monitor,Corporate,3,302.4,0.0,907.2
ORD-10447,2024-08-04,West,Furniture,Desk,Corporate,13,127.53,0.0,1657.89
ORD-10107,2024-08-07,East,Electronics,Laptop,Consumer,13,436.07,0.0,5668.91
ORD-10183,2024-08-07,South,Electronics,Monitor,Consumer,11,626.37,0.1,6201.06
ORD-10484,2024-08-10,North,Electronics,Headphones,Consumer,6,705.14,0.2,3384.67
ORD-10584,2024-08-11,East,Office,Printer Paper,Consumer,4,17.97,0.0,71.88
ORD-10404,2024-08-12,North,Electronics,Phone,Small Business,7,406.79,0.1,2562.78
ORD-10283,2024-08-12,East,Furniture,Bookshelf,Small Business,87,323.75,0.05,26757.94
ORD-10541,2024-08-12,East,Furniture,Bookshelf,Corporate,10,297.02,0.0,2970.2
ORD-10473,2024-08-12,East,Furniture,Bookshelf,Consumer,11,139.14,0.05,1454.01
ORD-10238,2024-08-13,South,Office,Printer Paper,Small Business,14,15.54,0.0,217.56
ORD-10139,2024-08-14,West,Electronics,Monitor,Consumer,3,329.74,0.1,890.3
ORD-10150,2024-08-14,East,Electronics,Laptop,Consumer,12,741.9,0.0,8902.8
ORD-10525,2024-08-14,East,Electronics,Monitor,Consumer,2,799.89,0.05,1519.79
ORD-10263,2024-08-14,East,Furniture,Bookshelf,Consumer,9,280.93,0.2,2022.7
ORD-10126,2024-08-14,West,Electronics,Monitor,Corporate,4,670.85,0.1,2415.06
ORD-10303,2024-08-14,East,Electronics,Monitor,Small Business,1,435.13,0.0,435.13
ORD-10227,2024-08-14,East,Office,Printer Paper,Consumer,2,8.86,0.05,16.83
ORD-10521,2024-08-15,East,Electronics,Laptop,Small Business,8,289.56,0.15,1969.01
ORD-10074,2024-08-16,North,Office,Notebook,Small Business,2,16.79,0.1,30.22
ORD-10079,2024-08-18,North,Electronics,Laptop,Corporate,2,672.4,0.05,1277.56
ORD-10459,2024-08-19,West,Electronics,Monitor,Small Business,13,717.71,0.0,9330.23
ORD-10100,2024-08-19,North,Furniture,Bookshelf,Consumer,14,303.93,0.0,4255.02
ORD-10030,2024-08-20,West,Electronics,Phone,Small Business,3,441.26,0.2,1059.02
ORD-10505,2024-08-21,East,Electronics,Headphones,Consumer,2,325.79,0.0,651.58
ORD-10271,2024-08-21,East,Office,Notebook,Corporate,10,13.37,0.05,127.01
ORD-10008,2024-08-21,West,Office,Pen Set,Consumer,4,11.35,0.1,40.86
ORD-10269,2024-08-21,West,Electronics,Phone,Corporate,1,393.1,0.15,334.13
ORD-10445,2024-08-22,West,Furniture,Chair,Corporate,9,263.57,0.0,2372.13
ORD-10055,2024-08-22,West,Furniture,Chair,Consumer,13,191.18,0.1,2236.81
ORD-10571,2024-08-22,South,Electronics,Phone,Consumer,14,716.58,0.0,10032.12
ORD-10335,2024-08-22,West,Office,Notebook,Corporate,3,11.9,0.0,35.7
ORD-10110,2024-08-25,West,Office,Pen Set,Consumer,12,17.75,0.05,202.35
ORD-10501,2024-08-26,East,Office,Printer Paper,Corporate,10,14.76,0.05,140.22
ORD-10098,2024-08-26,West,Office,Printer Paper,Corporate,12,19.28,0.2,185.09
ORD-10399,2024-08-30,North,Office,Stapler,Corporate,1,10.92,0.0,10.92
ORD-10429,2024-08-31,West,Office,Notebook,Consumer,1,19.96,0.0,19.96
ORD-10232,2024-09-01,North,Electronics,Monitor,Small Business,9,588.24,0.0,5294.16
ORD-10191,2024-09-03,West,Electronics,Headphones,Consumer,4,423.1,0.0,1692.4
ORD-10512,2024-09-04,East,Electronics,Monitor,Consumer,11,768.59,0.0,8454.49
ORD-10117,2024-09-04,North,Furniture,Desk,Consumer,13,219.16,0.0,2849.08
ORD-10049,2024-09-06,North,Electronics,Laptop,Consumer,3,589.22,0.05,1679.28
ORD-10366,2024-09-07,South,Electronics,Headphones,Corporate,6,421.0,0.0,2526.0
ORD-10327,2024-09-10,South,Furniture,Chair,Corporate,9,137.18,0.0,1234.62
ORD-10486,2024-09-11,East,Furniture,Desk,Corporate,11,209.98,0.15,1963.31
ORD-10478,2024-09-12,North,Electronics,Monitor,Consumer,8,749.39,,5395.61
ORD-10547,2024-09-12,South,Office,Notebook,Small Business,5,18.17,0.05,86.31
ORD-10144,2024-09-13,North,Electronics,Monitor,Consumer,6,457.1,0.0,2742.6
ORD-10583,2024-09-13,North,Electronics,Laptop,Consumer,2,459.92,0.0,919.84
ORD-10200,2024-09-13,South,Electronics,Laptop,Corporate,4,723.15,0.0,2892.6
ORD-10009,2024-09-15,West,Electronics,Laptop,Corporate,1,629.02,0.05,597.57
ORD-10497,2024-09-15,East,Electronics,Phone,Consumer,7,556.0,0.0,3892.0
ORD-10551,2024-09-15,South,Electronics,Monitor,Consumer,4,802.1,0.0,3208.4
ORD-10094,2024-09-16,North,Office,Printer Paper,Small Business,6,19.53,0.0,117.18
ORD-10284,2024-09-17,West,Office,Printer Paper,Corporate,11,13.84,0.0,152.24
ORD-10564,2024-09-17,West,Office,Stapler,Corporate,9,16.93,0.0,152.37
ORD-10565,2024-09-17,North,Electronics,Headphones,Consumer,14,407.8,0.0,5709.2
ORD-10115,2024-09-18,West,Electronics,Laptop,Consumer,1,634.67,0.15,539.47
ORD-10588,2024-09-19,North,Electronics,Laptop,Small Business,4,423.83,0.0,1695.32
ORD-10270,2024-09-19,West,Electronics,Headphones,Consumer,4,754.25,0.05,2866.15
ORD-10172,2024-09-20,West,Office,Notebook,Small Business,8,12.09,0.05,91.88
ORD-10330,2024-09-21,West,Furniture,Desk,Consumer,2,215.83,0.1,388.49
ORD-10569,2024-09-21,North,Electronics,Monitor,Consumer,13,293.2,0.0,3811.6
ORD-10294,2024-09-23,West,Furniture,Chair,Consumer,13,152.93,0.05,1888.69
ORD-10276,2024-09-23,North,Electronics,Phone,Consumer,3,555.87,0.2,1334.09
ORD-10425,2024-09-23,East,Furniture,Chair,Consumer,1,122.93,0.05,116.78
ORD-10066,2024-09-24,East,Electronics,Phone,Consumer,3,688.13,0.1,1857.95
ORD-10557,2024-09-24,North,Electronics,Monitor,Consumer,7,368.25,,2577.75
ORD-10142,2024-09-25,South,Office,Stapler,Corporate,2,21.38,0.0,42.76
ORD-10111,2024-09-25,South,Furniture,Chair,Small Business,14,170.26,0.15,2026.09
ORD-10568,2024-09-25,North,Electronics,Headphones,Corporate,9,339.59,0.1,2750.68
ORD-10186,2024-09-25,East,Furniture,Bookshelf,Consumer,11,312.67,0.0,3439.37
ORD-10388,2024-09-25,East,Furniture,Bookshelf,Consumer,1,275.17,0.15,233.89
ORD-10307,2024-09-26,West,Electronics,Headphones,Small Business,12,403.23,0.15,4112.95
ORD-10273,2024-09-26,East,Electronics,Monitor,Small Business,6,543.11,0.0,3258.66
ORD-10296,2024-09-27,South,Electronics,Headphones,Consumer,8,735.38,0.1,5294.74
ORD-10381,2024-09-30,East,Electronics,Phone,Consumer,7,398.77,0.1,2512.25
ORD-10465,2024-09-30,West,Furniture,Desk,Corporate,1,254.52,0.0,254.52
ORD-10305,2024-10-01,North,Office,Pen Set,Corporate,8,19.02,0.0,152.16
ORD-10508,2024-10-02,East,Office,Notebook,Corporate,8,12.29,0.1,88.49
ORD-10343,2024-10-04,East,Electronics,Laptop,Consumer,12,393.05,0.0,4716.6
ORD-10516,2024-10-04,North,Electronics,Headphones,Corporate,8,503.82,0.05,3829.03
ORD-10252,2024-10-05,South,Office,Stapler,Small Business,5,7.85,0.2,31.4
ORD-10580,2024-10-05,North,Electronics,Headphones,Corporate,4,647.96,0.1,2332.66
ORD-10581,2024-10-05,East,Furniture,Chair,Consumer,2,309.27,0.05,587.61
ORD-10214,2024-10-05,North,Electronics,Phone,Consumer,14,675.81,0.0,9461.34
ORD-10585,2024-10-05,North,Electronics,Laptop,Consumer,5,708.41,0.0,3542.05
ORD-10415,2024-10-06,South,Office,Pen Set,Consumer,3,19.99,0.1,53.97
ORD-10266,2024-10-07,East,Electronics,Laptop,Corporate,12,504.77,0.0,6057.24
ORD-10517,2024-10-07,South,Electronics,Laptop,Consumer,9,304.67,0.0,2742.03
ORD-10311,2024-10-08,East,Electronics,Monitor,Small Business,14,432.71,0.0,6057.94
ORD-10454,2024-10-09,West,Electronics,Headphones,Consumer,9,288.29,0.1,2335.15
ORD-10286,2024-10-09,North,Office,Printer Paper,Consumer,1,18.62,0.15,15.83
ORD-10169,2024-10-09,West,Electronics,Headphones,Consumer,6,680.41,0.0,4082.46
ORD-10241,2024-10-10,West,Electronics,Monitor,Consumer,8,356.72,0.05,2711.07
ORD-10292,2024-10-10,South,Office,Stapler,Consumer,10,13.43,0.0,134.3
ORD-10530,2024-10-11,North,Electronics,Monitor,Small Business,4,288.61,0.1,1039.0
ORD-10173,2024-10-11,South,Electronics,Laptop,Small Business,3,749.51,0.0,2248.53
ORD-10075,2024-10-11,West,Office,Notebook,Consumer,1,9.26,0.15,7.87
ORD-10130,2024-10-12,East,Electronics,Laptop,Consumer,5,622.58,0.2,2490.32
ORD-10129,2024-10-15,East,Office,Pen Set,Small Business,10,20.2,0.0,202.0
ORD-10089,2024-10-15,East,Office,Stapler,Corporate,10,11.75,0.0,117.5
ORD-10374,2024-10-15,North,Furniture,Desk,Consumer,14,312.21,0.0,4370.94
ORD-10113,2024-10-17,West,Office,Pen Set,Small Business,7,13.13,0.0,91.91
ORD-10102,2024-10-17,West,Electronics,Monitor,Corporate,6,620.54,0.1,3350.92
ORD-10179,2024-10-17,East,Office,Notebook,Consumer,5,12.13,0.0,60.65
ORD-10146,2024-10-17,North,Furniture,Desk,Consumer,1,257.71,0.0,257.71
ORD-10043,2024-10-18,West,Office,Pen Set,Consumer,1,19.14,0.0,19.14
ORD-10323,2024-10-18,East,Electronics,Headphones,Consumer,5,361.65,0.0,1808.25
ORD-10091,2024-10-19,North,Office,Stapler,Corporate,13,14.69,0.0,190.97
ORD-10503,2024-10-19,North,Furniture,Chair,Small Business,12,142.95,0.0,1715.4
ORD-10535,2024-10-19,East,Electronics,Monitor,Consumer,4,445.18,0.05,1691.68
ORD-10108,2024-10-20,South,Electronics,Phone,Corporate,10,612.24,0.2,4897.92
ORD-10299,2024-10-20,North,Furniture,Desk,Corporate,5,304.04,0.05,1444.19
ORD-10226,2024-10-20,South,Electronics,Headphones,Consumer,6,599.66,0.0,3597.96
ORD-10158,2024-10-21,East,Electronics,Phone,Consumer,14,798.78,0.0,11182.92
ORD-10591,2024-10-21,South,Furniture,Bookshelf,Consumer,4,116.06,0.0,464.24
ORD-10090,2024-10-22,South,Furniture,Desk,Corporate,14,185.9,0.05,2472.47
ORD-10566,2024-10-23,South,Furniture,Desk,Corporate,11,142.45,0.1,1410.25
ORD-10243,2024-10-23,West,Furniture,Desk,Consumer,13,129.84,0.0,1687.92
ORD-10207,2024-10-27,West,Furniture,Desk,Corporate,5,287.74,0.2,1150.96
ORD-10543,2024-10-27,West,Furniture,Desk,Corporate,3,278.83,0.2,669.19
ORD-10554,2024-10-28,West,Furniture,Bookshelf,Consumer,7,299.5,0.0,2096.5
ORD-10395,2024-10-28,West,Electronics,Headphones,Corporate,5,493.24,0.05,2342.89
ORD-10467,2024-10-29,South,Office,Stapler,Corporate,1,18.01,0.05,17.11
ORD-10054,2024-10-29,West,Office,Stapler,Corporate,11,18.42,0.0,202.62
ORD-10480,2024-10-30,West,Office,Printer Paper,Corporate,4,19.63,0.0,78.52
ORD-10441,2024-10-30,North,Electronics,Headphones,Corporate,10,678.97,0.0,6789.7
ORD-10329,2024-10-30,South,Electronics,Laptop,Corporate,7,398.01,0.15,2368.16
ORD-10424,2024-10-31,North,Office,Pen Set,Consumer,3,17.13,0.2,41.11
ORD-10339,2024-10-31,South,Office,Stapler,Consumer,14,14.81,0.1,186.61
ORD-10289,2024-11-01,East,Electronics,Laptop,Small Business,1,487.55,0.0,487.55
ORD-10520,2024-11-01,East,Electronics,Headphones,Consumer,6,326.3,0.0,1957.8
ORD-10149,2024-11-02,South,Electronics,Phone,Consumer,9,628.36,0.2,4524.19
ORD-10472,2024-11-02,South,Electronics,Phone,Small Business,7,783.36,0.0,5483.52
ORD-10178,2024-11-03,West,Electronics,Monitor,Small Business,6,670.47,0.05,3821.68
ORD-10434,2024-11-05,East,Electronics,Phone,Consumer,5,589.75,0.15,2506.44
ORD-10103,2024-11-05,East,Electronics,Monitor,Corporate,6,452.77,0.2,2173.3
ORD-10345,2024-11-06,North,Electronics,Phone,Corporate,1,281.73,0.0,281.73
ORD-10239,2024-11-07,West,Furniture,Desk,Consumer,8,268.59,0.0,2148.72
ORD-10490,2024-11-07,West,Electronics,Monitor,Consumer,14,482.38,0.2,5402.66
ORD-10026,2024-11-07,South,Furniture,Chair,Consumer,8,179.62,0.05,1365.11
ORD-10242,2024-11-07,East,Furniture,Desk,Small Business,12,316.13,0.15,3224.53
ORD-10470,2024-11-08,South,Electronics,Monitor,Consumer,2,513.59,,1027.18
ORD-10391,2024-11-09,East,Electronics,Headphones,Corporate,11,595.3,0.05,6220.88
ORD-10211,2024-11-11,East,Furniture,Desk,Consumer,12,139.72,0.0,1676.64
ORD-10498,2024-11-11,North,Furniture,Bookshelf,Small Business,3,145.8,0.15,371.79
ORD-10475,2024-11-11,North,Office,Pen Set,Consumer,4,10.04,0.0,40.16
ORD-10128,2024-11-11,East,Electronics,Laptop,Corporate,9,693.27,0.05,5927.46
ORD-10526,2024-11-13,West,Furniture,Chair,Consumer,6,318.49,0.0,1910.94
ORD-10092,2024-11-13,West,Electronics,Headphones,Consumer,1,332.56,0.0,332.56
ORD-10354,2024-11-15,North,Office,Stapler,Small Business,8,20.91,0.0,167.28
ORD-10418,2024-11-15,West,Office,Printer Paper,Corporate,4,13.99,0.05,53.16
ORD-10127,2024-11-15,West,Electronics,Headphones,Consumer,4,353.94,0.0,1415.76
ORD-10489,2024-11-16,South,Office,Stapler,Small Business,6,21.41,0.05,122.04
ORD-10561,2024-11-16,South,Electronics,Phone,Corporate,85,766.31,0.0,65136.35
ORD-10035,2024-11-16,West,Office,Notebook,Consumer,3,15.83,0.15,40.37
ORD-10070,2024-11-17,East,Office,Notebook,Small Business,4,8.91,0.15,30.29
ORD-10155,2024-11-17,North,Office,Printer Paper,Consumer,3,17.76,0.1,47.95
ORD-10240,2024-11-18,South,Furniture,Desk,Consumer,14,277.92,0.0,3890.88
ORD-10046,2024-11-18,North,Electronics,Phone,Corporate,14,710.95,0.0,9953.3
ORD-10164,2024-11-19,South,Electronics,Laptop,Small Business,10,622.36,0.05,5912.42
ORD-10124,2024-11-20,South,Electronics,Phone,Corporate,7,455.38,0.0,3187.66
ORD-10145,2024-11-21,West,Office,Notebook,Corporate,10,11.77,0.0,117.7
ORD-10344,2024-11-22,North,Furniture,Desk,Consumer,4,146.23,0.1,526.43
ORD-10393,2024-11-23,West,Electronics,Phone,Small Business,6,415.98,0.2,1996.7
ORD-10419,2024-11-24,West,Electronics,Phone,Consumer,8,593.01,0.1,4269.67
ORD-10414,2024-11-24,West,Electronics,Laptop,Corporate,1,496.92,0.0,496.92
ORD-10402,2024-11-24,West,Furniture,Desk,Consumer,13,307.23,0.0,3993.99
ORD-10257,2024-11-25,West,Electronics,Monitor,Corporate,12,563.49,0.2,5409.5
ORD-10370,2024-11-26,West,Office,Printer Paper,Consumer,4,15.86,0.15,53.92
ORD-10165,2024-11-26,North,Electronics,Laptop,Corporate,5,743.42,0.15,3159.53
ORD-10019,2024-11-26,West,Office,Printer Paper,Consumer,7,8.59,0.05,57.12
ORD-10187,2024-11-27,West,Electronics,Headphones,Corporate,8,544.82,0.15,3704.78
ORD-10116,2024-11-28,West,Office,Notebook,Corporate,6,18.73,0.0,112.38
ORD-10460,2024-11-28,East,Furniture,Chair,Corporate,1,111.56,0.2,89.25
ORD-10471,2024-11-30,West,Office,Printer Paper,Consumer,10,11.45,0.15,97.33
ORD-10136,2024-11-30,West,Office,Pen Set,Consumer,9,11.84,0.0,106.56
ORD-10190,2024-11-30,North,Electronics,Monitor,Corporate,190,734.74,0.0,139600.6
ORD-10438,2024-12-02,East,Office,Stapler,Small Business,3,13.2,0.05,37.62
ORD-10154,2024-12-02,North,Furniture,Chair,Small Business,10,146.54,0.0,1465.4
ORD-10064,2024-12-02,East,Furniture,Desk,Consumer,11,220.89,0.15,2065.32
ORD-10290,2024-12-03,North,Furniture,Bookshelf,Consumer,14,283.39,0.0,3967.46
ORD-10319,2024-12-03,North,Furniture,Chair,Small Business,2,303.02,0.1,545.44
ORD-10096,2024-12-04,South,Office,Pen Set,Corporate,11,17.36,0.0,190.96
ORD-10023,2024-12-04,East,Electronics,Phone,Corporate,2,362.12,0.0,724.24
ORD-10440,2024-12-05,North,Electronics,Laptop,Corporate,3,322.34,0.2,773.62
ORD-10412,2024-12-05,East,Office,Notebook,Corporate,9,19.72,0.1,159.73
ORD-10387,2024-12-05,North,Electronics,Laptop,Corporate,3,805.04,0.0,2415.12
ORD-10272,2024-12-06,East,Office,Printer Paper,Consumer,11,16.74,0.1,165.73
ORD-10439,2024-12-06,South,Electronics,Phone,Corporate,4,306.38,0.15,1041.69
ORD-10062,2024-12-06,West,Office,Notebook,Corporate,14,18.47,0.15,219.79
ORD-10455,2024-12-08,East,Office,Printer Paper,Consumer,4,20.74,0.1,74.66
ORD-10244,2024-12-08,East,Furniture,Desk,Small Business,13,239.16,0.0,3109.08
ORD-10028,2024-12-09,East,Electronics,Headphones,Consumer,11,626.09,0.15,5853.94
ORD-10025,2024-12-09,North,Office,Pen Set,Consumer,2,14.27,0.05,27.11
ORD-10322,2024-12-09,East,Office,Notebook,Small Business,7,16.39,0.05,108.99
ORD-10406,2024-12-09,East,Office,Printer Paper,Small Business,12,9.17,0.0,110.04
ORD-10202,2024-12-09,East,Electronics,Phone,Small Business,9,799.64,0.0,7196.76
ORD-10166,2024-12-10,West,Office,Stapler,Small Business,6,8.23,0.0,49.38
ORD-10574,2024-12-11,West,Electronics,Monitor,Consumer,2,800.4,0.2,1280.64
ORD-10156,2024-12-13,East,Electronics,Phone,Corporate,8,664.81,0.15,4520.71
ORD-10060,2024-12-14,North,Office,Notebook,Corporate,13,19.59,0.0,254.67
ORD-10324,2024-12-14,North,Electronics,Phone,Consumer,10,724.72,0.0,7247.2
ORD-10216,2024-12-14,East,Electronics,Monitor,Consumer,3,482.18,0.2,1157.23
ORD-10275,2024-12-15,North,Office,Stapler,Consumer,13,8.79,0.0,114.27
ORD-10348,2024-12-17,North,Electronics,Monitor,Corporate,3,661.4,0.1,1785.78
ORD-10058,2024-12-17,West,Office,Stapler,Consumer,7,11.93,0.05,79.33
ORD-10040,2024-12-17,South,Electronics,Laptop,Corporate,8,786.04,0.0,6288.32
ORD-10112,2024-12-18,South,Office,Stapler,Consumer,8,7.79,0.15,52.97
ORD-10109,2024-12-18,West,Furniture,Chair,Small Business,11,263.67,0.0,2900.37
ORD-10409,2024-12-19,West,Furniture,Chair,Consumer,11,234.9,0.0,2583.9
ORD-10332,2024-12-20,South,Furniture,Bookshelf,Small Business,8,214.6,0.05,1630.96
ORD-10375,2024-12-21,East,Electronics,Headphones,Small Business,6,541.3,0.2,2598.24
ORD-10358,2024-12-21,South,Furniture,Chair,Small Business,1,266.35,0.0,266.35
ORD-10249,2024-12-22,East,Electronics,Phone,Consumer,14,706.84,0.0,9895.76
ORD-10304,2024-12-22,North,Office,Stapler,Corporate,2,20.71,0.15,35.21
ORD-10334,2024-12-23,West,Electronics,Phone,Corporate,4,287.36,0.05,1091.97
ORD-10373,2024-12-23,North,Furniture,Desk,Consumer,12,211.64,0.0,2539.68
ORD-10053,2024-12-24,East,Office,Notebook,Small Business,2,20.2,0.0,40.4
ORD-10184,2024-12-26,West,Furniture,Chair,Consumer,2,146.28,0.1,263.3
ORD-10507,2024-12-27,East,Electronics,Monitor,Consumer,12,669.51,0.0,8034.12
ORD-10433,2024-12-27,East,Electronics,Laptop,Consumer,1,681.62,0.0,681.62
ORD-10410,2024-12-28,West,Furniture,Desk,Corporate,10,120.68,0.05,1146.46
ORD-10215,2024-12-28,North,Electronics,Laptop,Small Business,3,485.19,0.1,1310.01
ORD-10185,2024-12-29,West,Electronics,Monitor,Small Business,7,674.79,0.0,4723.53
ORD-10481,2024-12-29,West,Office,Printer Paper,Corporate,12,19.39,0.0,232.68
ORD-10527,2024-12-30,North,Electronics,Headphones,Small Business,6,350.58,0.0,2103.48
ORD-10095,2024-12-30,East,Furniture,Desk,Consumer,2,315.02,0.0,630.04
ORD-10401,2024-12-31,South,Office,Stapler,Consumer,7,8.7,0.15,51.76
